<?xml version="1.0" encoding="UTF-8"?> 
<project>                                  
  <executable name="MasterLCD.elf">                 
    <memory name="program">              
      <units>bytes</units>                 
      <length>32768</length>                 
      <used>1594</used>                     
      <free>31174</free>                     
    </memory>                              
    <memory name="data">                 
      <units>bytes</units>                 
      <length>2048</length>                 
      <used>4</used>                     
      <free>2044</free>                     
    </memory>                              
  </executable>                            
</project>                                 
