<?xml version="1.0" encoding="UTF-8"?> 
<project>                                  
  <executable name="SlaveUS.elf">                 
    <memory name="program">              
      <units>bytes</units>                 
      <length>32768</length>                 
      <used>1645</used>                     
      <free>31123</free>                     
    </memory>                              
    <memory name="data">                 
      <units>bytes</units>                 
      <length>2048</length>                 
      <used>7</used>                     
      <free>2041</free>                     
    </memory>                              
  </executable>                            
</project>                                 
