<?xml version="1.0" encoding="UTF-8"?> 
<project>                                  
  <executable name="SlaveDH11.elf">                 
    <memory name="program">              
      <units>bytes</units>                 
      <length>32768</length>                 
      <used>1844</used>                     
      <free>30924</free>                     
    </memory>                              
    <memory name="data">                 
      <units>bytes</units>                 
      <length>2048</length>                 
      <used>18</used>                     
      <free>2030</free>                     
    </memory>                              
  </executable>                            
</project>                                 
