<?xml version="1.0" encoding="UTF-8"?> 
<project>                                  
  <executable name="SlaveUS.elf">                 
    <memory name="program">              
      <units>bytes</units>                 
      <length>32768</length>                 
      <used>552</used>                     
      <free>32216</free>                     
    </memory>                              
    <memory name="data">                 
      <units>bytes</units>                 
      <length>2048</length>                 
      <used>3</used>                     
      <free>2045</free>                     
    </memory>                              
  </executable>                            
</project>                                 
