<?xml version="1.0" encoding="UTF-8"?> 
<project>                                  
  <executable name="Laboratorio3_22550_Boris_Lopez.elf">                 
    <memory name="program">              
      <units>bytes</units>                 
      <length>32768</length>                 
      <used>400</used>                     
      <free>32368</free>                     
    </memory>                              
    <memory name="data">                 
      <units>bytes</units>                 
      <length>2048</length>                 
      <used>1</used>                     
      <free>2047</free>                     
    </memory>                              
  </executable>                            
</project>                                 
